{
  "hash": "fd4a2ff2",
  "configHash": "ef31d226",
  "lockfileHash": "3540ece2",
  "browserHash": "eedc509a",
  "optimized": {
    "@angular/core": {
      "src": "../../../../../../node_modules/@angular/core/fesm2022/core.mjs",
      "file": "@angular_core.js",
      "fileHash": "91fb0ec2",
      "needsInterop": false
    },
    "@angular/platform-browser": {
      "src": "../../../../../../node_modules/@angular/platform-browser/fesm2022/platform-browser.mjs",
      "file": "@angular_platform-browser.js",
      "fileHash": "fc260d35",
      "needsInterop": false
    },
    "@angular/router": {
      "src": "../../../../../../node_modules/@angular/router/fesm2022/router.mjs",
      "file": "@angular_router.js",
      "fileHash": "fdf27e4b",
      "needsInterop": false
    }
  },
  "chunks": {
    "chunk-PNYTT2B3": {
      "file": "chunk-PNYTT2B3.js"
    },
    "chunk-KT3ROZER": {
      "file": "chunk-KT3ROZER.js"
    }
  }
}