{
  "hash": "6ef092da",
  "configHash": "ec8b1dc1",
  "lockfileHash": "74659922",
  "browserHash": "3895be5a",
  "optimized": {
    "@angular/common": {
      "src": "../../../../../../node_modules/@angular/common/fesm2022/common.mjs",
      "file": "@angular_common.js",
      "fileHash": "847d414f",
      "needsInterop": false
    },
    "@angular/core": {
      "src": "../../../../../../node_modules/@angular/core/fesm2022/core.mjs",
      "file": "@angular_core.js",
      "fileHash": "78917c65",
      "needsInterop": false
    },
    "@angular/forms": {
      "src": "../../../../../../node_modules/@angular/forms/fesm2022/forms.mjs",
      "file": "@angular_forms.js",
      "fileHash": "92fb7e71",
      "needsInterop": false
    },
    "@angular/platform-browser": {
      "src": "../../../../../../node_modules/@angular/platform-browser/fesm2022/platform-browser.mjs",
      "file": "@angular_platform-browser.js",
      "fileHash": "942b68d5",
      "needsInterop": false
    }
  },
  "chunks": {
    "chunk-TOUZWN6T": {
      "file": "chunk-TOUZWN6T.js"
    },
    "chunk-EEHSPOXZ": {
      "file": "chunk-EEHSPOXZ.js"
    }
  }
}