{
  "hash": "75923938",
  "configHash": "cdcf2c35",
  "lockfileHash": "afa6d2bd",
  "browserHash": "a1ebcc44",
  "optimized": {
    "@angular/core": {
      "src": "../../../../../../node_modules/@angular/core/fesm2022/core.mjs",
      "file": "@angular_core.js",
      "fileHash": "d02f55a4",
      "needsInterop": false
    },
    "@angular/platform-browser": {
      "src": "../../../../../../node_modules/@angular/platform-browser/fesm2022/platform-browser.mjs",
      "file": "@angular_platform-browser.js",
      "fileHash": "4c067b88",
      "needsInterop": false
    },
    "@angular/router": {
      "src": "../../../../../../node_modules/@angular/router/fesm2022/router.mjs",
      "file": "@angular_router.js",
      "fileHash": "8f9f643f",
      "needsInterop": false
    },
    "@angular/forms": {
      "src": "../../../../../../node_modules/@angular/forms/fesm2022/forms.mjs",
      "file": "@angular_forms.js",
      "fileHash": "e9c45e90",
      "needsInterop": false
    }
  },
  "chunks": {
    "chunk-GG7B7IAB": {
      "file": "chunk-GG7B7IAB.js"
    },
    "chunk-ETIW6Y7W": {
      "file": "chunk-ETIW6Y7W.js"
    },
    "chunk-LEHRZ7IK": {
      "file": "chunk-LEHRZ7IK.js"
    }
  }
}