{
  "hash": "a281d3bb",
  "configHash": "4452d266",
  "lockfileHash": "a8d67c1a",
  "browserHash": "015d9bd7",
  "optimized": {
    "@angular/core": {
      "src": "../../../../../../node_modules/@angular/core/fesm2022/core.mjs",
      "file": "@angular_core.js",
      "fileHash": "d62f9b43",
      "needsInterop": false
    },
    "@angular/platform-browser": {
      "src": "../../../../../../node_modules/@angular/platform-browser/fesm2022/platform-browser.mjs",
      "file": "@angular_platform-browser.js",
      "fileHash": "5df13de9",
      "needsInterop": false
    },
    "@angular/router": {
      "src": "../../../../../../node_modules/@angular/router/fesm2022/router.mjs",
      "file": "@angular_router.js",
      "fileHash": "f272deec",
      "needsInterop": false
    }
  },
  "chunks": {
    "chunk-UEHNUMPX": {
      "file": "chunk-UEHNUMPX.js"
    },
    "chunk-2WBDY7DO": {
      "file": "chunk-2WBDY7DO.js"
    }
  }
}